function,F,CR,run,best_fitness
Sphere,0.2,0.1,1,2.53131e-18
Sphere,0.2,0.1,2,4.17322e-08
Sphere,0.2,0.1,3,2.22212e-18
Sphere,0.2,0.1,4,3.08023e-09
Sphere,0.2,0.1,5,2.95016e-18
Sphere,0.2,0.1,6,5.25988e-18
Sphere,0.2,0.1,7,3.56526e-18
Sphere,0.2,0.1,8,1.82297e-18
Sphere,0.2,0.1,9,3.88659e-18
Sphere,0.2,0.1,10,5.99358e-18
Sphere,0.2,0.3,1,8.167e-15
Sphere,0.2,0.3,2,4.72295e-15
Sphere,0.2,0.3,3,2.78931e-23
Sphere,0.2,0.3,4,5.00882e-18
Sphere,0.2,0.3,5,0.0228416
Sphere,0.2,0.3,6,0.0370795
Sphere,0.2,0.3,7,3.16887e-05
Sphere,0.2,0.3,8,2.554e-05
Sphere,0.2,0.3,9,0.0497595
Sphere,0.2,0.3,10,2.1331e-09
Sphere,0.2,0.5,1,0.000127674
Sphere,0.2,0.5,2,0.122063
Sphere,0.2,0.5,3,0.0513129
Sphere,0.2,0.5,4,5.46323e-21
Sphere,0.2,0.5,5,0.17717
Sphere,0.2,0.5,6,5.62242e-05
Sphere,0.2,0.5,7,0.0051111
Sphere,0.2,0.5,8,0.398153
Sphere,0.2,0.5,9,2.66658
Sphere,0.2,0.5,10,6.12848e-09
Sphere,0.2,0.7,1,0.285977
Sphere,0.2,0.7,2,2.44389
Sphere,0.2,0.7,3,48.7651
Sphere,0.2,0.7,4,8.00588
Sphere,0.2,0.7,5,297.575
Sphere,0.2,0.7,6,0.00552188
Sphere,0.2,0.7,7,81.6478
Sphere,0.2,0.7,8,2.66455
Sphere,0.2,0.7,9,14.5174
Sphere,0.2,0.7,10,6.58191
Sphere,0.2,0.9,1,1608.67
Sphere,0.2,0.9,2,1776.07
Sphere,0.2,0.9,3,1364.06
Sphere,0.2,0.9,4,1171.1
Sphere,0.2,0.9,5,1295.17
Sphere,0.2,0.9,6,2364.63
Sphere,0.2,0.9,7,2258.04
Sphere,0.2,0.9,8,3218.05
Sphere,0.2,0.9,9,1509.62
Sphere,0.2,0.9,10,622.924
Sphere,0.4,0.1,1,9.32629e-14
Sphere,0.4,0.1,2,2.15927e-13
Sphere,0.4,0.1,3,8.88882e-14
Sphere,0.4,0.1,4,1.59736e-13
Sphere,0.4,0.1,5,1.03285e-13
Sphere,0.4,0.1,6,7.7136e-14
Sphere,0.4,0.1,7,1.00088e-13
Sphere,0.4,0.1,8,1.59229e-13
Sphere,0.4,0.1,9,1.26562e-13
Sphere,0.4,0.1,10,1.25877e-13
Sphere,0.4,0.3,1,3.71778e-17
Sphere,0.4,0.3,2,7.16288e-17
Sphere,0.4,0.3,3,5.5087e-17
Sphere,0.4,0.3,4,1.08026e-16
Sphere,0.4,0.3,5,2.51393e-17
Sphere,0.4,0.3,6,3.88275e-17
Sphere,0.4,0.3,7,9.76856e-17
Sphere,0.4,0.3,8,4.89249e-17
Sphere,0.4,0.3,9,1.00766e-16
Sphere,0.4,0.3,10,7.72498e-17
Sphere,0.4,0.5,1,2.48364e-17
Sphere,0.4,0.5,2,1.46267e-17
Sphere,0.4,0.5,3,2.66734e-17
Sphere,0.4,0.5,4,5.82588e-17
Sphere,0.4,0.5,5,4.59986e-17
Sphere,0.4,0.5,6,7.87042e-17
Sphere,0.4,0.5,7,6.67988e-17
Sphere,0.4,0.5,8,2.93652e-17
Sphere,0.4,0.5,9,2.11315e-17
Sphere,0.4,0.5,10,4.05381e-17
Sphere,0.4,0.7,1,4.35662e-17
Sphere,0.4,0.7,2,2.86793e-17
Sphere,0.4,0.7,3,1.51794e-16
Sphere,0.4,0.7,4,3.54281e-17
Sphere,0.4,0.7,5,2.52774e-17
Sphere,0.4,0.7,6,7.33987e-17
Sphere,0.4,0.7,7,4.41896e-17
Sphere,0.4,0.7,8,1.91771e-17
Sphere,0.4,0.7,9,1.31856e-17
Sphere,0.4,0.7,10,4.68976e-17
Sphere,0.4,0.9,1,7.77913e-06
Sphere,0.4,0.9,2,0.00493325
Sphere,0.4,0.9,3,0.09545
Sphere,0.4,0.9,4,4.53094e-12
Sphere,0.4,0.9,5,2.37196e-10
Sphere,0.4,0.9,6,0.000621132
Sphere,0.4,0.9,7,0.0830004
Sphere,0.4,0.9,8,5.25432e-13
Sphere,0.4,0.9,9,0.011784
Sphere,0.4,0.9,10,0.211309
Sphere,0.6,0.1,1,1.29689e-08
Sphere,0.6,0.1,2,1.38533e-08
Sphere,0.6,0.1,3,1.05392e-08
Sphere,0.6,0.1,4,9.56801e-09
Sphere,0.6,0.1,5,1.18043e-08
Sphere,0.6,0.1,6,9.53822e-09
Sphere,0.6,0.1,7,1.24178e-08
Sphere,0.6,0.1,8,8.33525e-09
Sphere,0.6,0.1,9,6.03237e-09
Sphere,0.6,0.1,10,1.04256e-08
Sphere,0.6,0.3,1,2.20737e-07
Sphere,0.6,0.3,2,1.18443e-07
Sphere,0.6,0.3,3,1.60889e-07
Sphere,0.6,0.3,4,1.54824e-07
Sphere,0.6,0.3,5,2.79769e-07
Sphere,0.6,0.3,6,1.6676e-07
Sphere,0.6,0.3,7,1.21789e-07
Sphere,0.6,0.3,8,1.37654e-07
Sphere,0.6,0.3,9,3.73355e-07
Sphere,0.6,0.3,10,1.99375e-07
Sphere,0.6,0.5,1,4.11482e-05
Sphere,0.6,0.5,2,0.000114028
Sphere,0.6,0.5,3,0.000121682
Sphere,0.6,0.5,4,6.6147e-05
Sphere,0.6,0.5,5,0.00012992
Sphere,0.6,0.5,6,8.02328e-05
Sphere,0.6,0.5,7,8.0889e-05
Sphere,0.6,0.5,8,4.40242e-05
Sphere,0.6,0.5,9,3.5712e-05
Sphere,0.6,0.5,10,0.000111516
Sphere,0.6,0.7,1,0.0104726
Sphere,0.6,0.7,2,0.00751601
Sphere,0.6,0.7,3,0.0124971
Sphere,0.6,0.7,4,0.0155183
Sphere,0.6,0.7,5,0.00843437
Sphere,0.6,0.7,6,0.00764687
Sphere,0.6,0.7,7,0.0137072
Sphere,0.6,0.7,8,0.00467796
Sphere,0.6,0.7,9,0.0198006
Sphere,0.6,0.7,10,0.0107573
Sphere,0.6,0.9,1,6.05404e-05
Sphere,0.6,0.9,2,0.000187056
Sphere,0.6,0.9,3,0.000123928
Sphere,0.6,0.9,4,0.000136228
Sphere,0.6,0.9,5,0.000151804
Sphere,0.6,0.9,6,9.41503e-05
Sphere,0.6,0.9,7,2.42504e-05
Sphere,0.6,0.9,8,5.6108e-05
Sphere,0.6,0.9,9,3.89866e-05
Sphere,0.6,0.9,10,0.000128395
Sphere,0.8,0.1,1,9.29393e-05
Sphere,0.8,0.1,2,9.40953e-05
Sphere,0.8,0.1,3,5.80019e-05
Sphere,0.8,0.1,4,9.29149e-05
Sphere,0.8,0.1,5,7.02514e-05
Sphere,0.8,0.1,6,9.57366e-05
Sphere,0.8,0.1,7,6.20023e-05
Sphere,0.8,0.1,8,0.000100406
Sphere,0.8,0.1,9,8.83777e-05
Sphere,0.8,0.1,10,9.92737e-05
Sphere,0.8,0.3,1,0.149002
Sphere,0.8,0.3,2,0.23099
Sphere,0.8,0.3,3,0.131734
Sphere,0.8,0.3,4,0.156395
Sphere,0.8,0.3,5,0.139826
Sphere,0.8,0.3,6,0.259562
Sphere,0.8,0.3,7,0.210937
Sphere,0.8,0.3,8,0.214461
Sphere,0.8,0.3,9,0.169906
Sphere,0.8,0.3,10,0.188656
Sphere,0.8,0.5,1,162.738
Sphere,0.8,0.5,2,70.9587
Sphere,0.8,0.5,3,97.8847
Sphere,0.8,0.5,4,110.367
Sphere,0.8,0.5,5,110.594
Sphere,0.8,0.5,6,74.0504
Sphere,0.8,0.5,7,108.841
Sphere,0.8,0.5,8,77.7678
Sphere,0.8,0.5,9,118.693
Sphere,0.8,0.5,10,103.649
Sphere,0.8,0.7,1,1994.07
Sphere,0.8,0.7,2,2115.02
Sphere,0.8,0.7,3,1482.85
Sphere,0.8,0.7,4,1947.5
Sphere,0.8,0.7,5,1804.31
Sphere,0.8,0.7,6,2033.2
Sphere,0.8,0.7,7,1742.86
Sphere,0.8,0.7,8,2330.33
Sphere,0.8,0.7,9,2026.32
Sphere,0.8,0.7,10,1821.46
Sphere,0.8,0.9,1,294.629
Sphere,0.8,0.9,2,225.372
Sphere,0.8,0.9,3,455.362
Sphere,0.8,0.9,4,514.55
Sphere,0.8,0.9,5,1295.95
Sphere,0.8,0.9,6,893.164
Sphere,0.8,0.9,7,258.847
Sphere,0.8,0.9,8,867.513
Sphere,0.8,0.9,9,733.67
Sphere,0.8,0.9,10,893.641
Sphere,1,0.1,1,0.048884
Sphere,1,0.1,2,0.0401205
Sphere,1,0.1,3,0.0426609
Sphere,1,0.1,4,0.040375
Sphere,1,0.1,5,0.0463551
Sphere,1,0.1,6,0.0549309
Sphere,1,0.1,7,0.0320747
Sphere,1,0.1,8,0.0360635
Sphere,1,0.1,9,0.0380216
Sphere,1,0.1,10,0.0358344
Sphere,1,0.3,1,229.988
Sphere,1,0.3,2,180.895
Sphere,1,0.3,3,182.789
Sphere,1,0.3,4,183.313
Sphere,1,0.3,5,226.887
Sphere,1,0.3,6,178.404
Sphere,1,0.3,7,223.915
Sphere,1,0.3,8,171.998
Sphere,1,0.3,9,204.825
Sphere,1,0.3,10,164.527
Sphere,1,0.5,1,8350.65
Sphere,1,0.5,2,8495.07
Sphere,1,0.5,3,6565.42
Sphere,1,0.5,4,8268.97
Sphere,1,0.5,5,9423.16
Sphere,1,0.5,6,8021.36
Sphere,1,0.5,7,8381.59
Sphere,1,0.5,8,5456.82
Sphere,1,0.5,9,8380.99
Sphere,1,0.5,10,7716.71
Sphere,1,0.7,1,23065.9
Sphere,1,0.7,2,31170
Sphere,1,0.7,3,22023.3
Sphere,1,0.7,4,23071.8
Sphere,1,0.7,5,25507.3
Sphere,1,0.7,6,31561
Sphere,1,0.7,7,25424.7
Sphere,1,0.7,8,25534.2
Sphere,1,0.7,9,27162
Sphere,1,0.7,10,30615.1
Sphere,1,0.9,1,18770.4
Sphere,1,0.9,2,15817
Sphere,1,0.9,3,15962.1
Sphere,1,0.9,4,13494.9
Sphere,1,0.9,5,17949
Sphere,1,0.9,6,12733.7
Sphere,1,0.9,7,28956.6
Sphere,1,0.9,8,16833.7
Sphere,1,0.9,9,12255.1
Sphere,1,0.9,10,9325.03
Rosenbrock,0.2,0.1,1,59.1133
Rosenbrock,0.2,0.1,2,43.7401
Rosenbrock,0.2,0.1,3,78.927
Rosenbrock,0.2,0.1,4,79.97
Rosenbrock,0.2,0.1,5,75.6154
Rosenbrock,0.2,0.1,6,58.1657
Rosenbrock,0.2,0.1,7,27.6132
Rosenbrock,0.2,0.1,8,23.2829
Rosenbrock,0.2,0.1,9,22.2241
Rosenbrock,0.2,0.1,10,22.1025
Rosenbrock,0.2,0.3,1,34.5556
Rosenbrock,0.2,0.3,2,78.5612
Rosenbrock,0.2,0.3,3,81.4617
Rosenbrock,0.2,0.3,4,43.2848
Rosenbrock,0.2,0.3,5,83.4329
Rosenbrock,0.2,0.3,6,110.567
Rosenbrock,0.2,0.3,7,87.6022
Rosenbrock,0.2,0.3,8,59.5318
Rosenbrock,0.2,0.3,9,80.6445
Rosenbrock,0.2,0.3,10,76.2687
Rosenbrock,0.2,0.5,1,140.513
Rosenbrock,0.2,0.5,2,55.4036
Rosenbrock,0.2,0.5,3,73.6481
Rosenbrock,0.2,0.5,4,100.972
Rosenbrock,0.2,0.5,5,121.457
Rosenbrock,0.2,0.5,6,122.603
Rosenbrock,0.2,0.5,7,81.3208
Rosenbrock,0.2,0.5,8,89.8896
Rosenbrock,0.2,0.5,9,292.233
Rosenbrock,0.2,0.5,10,82.9299
Rosenbrock,0.2,0.7,1,176.034
Rosenbrock,0.2,0.7,2,146.198
Rosenbrock,0.2,0.7,3,250.401
Rosenbrock,0.2,0.7,4,107.036
Rosenbrock,0.2,0.7,5,218.162
Rosenbrock,0.2,0.7,6,46.7615
Rosenbrock,0.2,0.7,7,3236.47
Rosenbrock,0.2,0.7,8,181.522
Rosenbrock,0.2,0.7,9,73.7234
Rosenbrock,0.2,0.7,10,219.367
Rosenbrock,0.2,0.9,1,5884.72
Rosenbrock,0.2,0.9,2,56149.7
Rosenbrock,0.2,0.9,3,7719.58
Rosenbrock,0.2,0.9,4,1976.12
Rosenbrock,0.2,0.9,5,2102.41
Rosenbrock,0.2,0.9,6,1991.72
Rosenbrock,0.2,0.9,7,26325.8
Rosenbrock,0.2,0.9,8,8101.6
Rosenbrock,0.2,0.9,9,4858.55
Rosenbrock,0.2,0.9,10,2120.87
Rosenbrock,0.4,0.1,1,35.2517
Rosenbrock,0.4,0.1,2,37.9772
Rosenbrock,0.4,0.1,3,28.9002
Rosenbrock,0.4,0.1,4,32.6419
Rosenbrock,0.4,0.1,5,24.0593
Rosenbrock,0.4,0.1,6,37.8957
Rosenbrock,0.4,0.1,7,27.17
Rosenbrock,0.4,0.1,8,110.514
Rosenbrock,0.4,0.1,9,79.1
Rosenbrock,0.4,0.1,10,32.8369
Rosenbrock,0.4,0.3,1,25.6424
Rosenbrock,0.4,0.3,2,26.581
Rosenbrock,0.4,0.3,3,25.7699
Rosenbrock,0.4,0.3,4,25.1871
Rosenbrock,0.4,0.3,5,25.365
Rosenbrock,0.4,0.3,6,26.7743
Rosenbrock,0.4,0.3,7,24.6489
Rosenbrock,0.4,0.3,8,25.0074
Rosenbrock,0.4,0.3,9,26.394
Rosenbrock,0.4,0.3,10,25.9592
Rosenbrock,0.4,0.5,1,26.3513
Rosenbrock,0.4,0.5,2,26.0742
Rosenbrock,0.4,0.5,3,26.3663
Rosenbrock,0.4,0.5,4,27.3366
Rosenbrock,0.4,0.5,5,26.032
Rosenbrock,0.4,0.5,6,25.6404
Rosenbrock,0.4,0.5,7,26.7412
Rosenbrock,0.4,0.5,8,26.9135
Rosenbrock,0.4,0.5,9,26.9165
Rosenbrock,0.4,0.5,10,26.1919
Rosenbrock,0.4,0.7,1,27.1559
Rosenbrock,0.4,0.7,2,26.6235
Rosenbrock,0.4,0.7,3,25.3303
Rosenbrock,0.4,0.7,4,26.945
Rosenbrock,0.4,0.7,5,26.0091
Rosenbrock,0.4,0.7,6,26.3136
Rosenbrock,0.4,0.7,7,26.8939
Rosenbrock,0.4,0.7,8,26.0033
Rosenbrock,0.4,0.7,9,26.7336
Rosenbrock,0.4,0.7,10,26.906
Rosenbrock,0.4,0.9,1,83.6143
Rosenbrock,0.4,0.9,2,49.7031
Rosenbrock,0.4,0.9,3,74.7652
Rosenbrock,0.4,0.9,4,228.009
Rosenbrock,0.4,0.9,5,86.6861
Rosenbrock,0.4,0.9,6,86.3303
Rosenbrock,0.4,0.9,7,81.2396
Rosenbrock,0.4,0.9,8,112.336
Rosenbrock,0.4,0.9,9,36.5911
Rosenbrock,0.4,0.9,10,55.3656
Rosenbrock,0.6,0.1,1,33.2975
Rosenbrock,0.6,0.1,2,43.7511
Rosenbrock,0.6,0.1,3,32.1916
Rosenbrock,0.6,0.1,4,35.7109
Rosenbrock,0.6,0.1,5,40.9552
Rosenbrock,0.6,0.1,6,34.4791
Rosenbrock,0.6,0.1,7,61.4314
Rosenbrock,0.6,0.1,8,40.6238
Rosenbrock,0.6,0.1,9,41.2486
Rosenbrock,0.6,0.1,10,51.4406
Rosenbrock,0.6,0.3,1,26.0875
Rosenbrock,0.6,0.3,2,26.4773
Rosenbrock,0.6,0.3,3,25.883
Rosenbrock,0.6,0.3,4,26.7205
Rosenbrock,0.6,0.3,5,25.9927
Rosenbrock,0.6,0.3,6,25.9248
Rosenbrock,0.6,0.3,7,26.6214
Rosenbrock,0.6,0.3,8,26.5572
Rosenbrock,0.6,0.3,9,25.7973
Rosenbrock,0.6,0.3,10,27.5695
Rosenbrock,0.6,0.5,1,27.1671
Rosenbrock,0.6,0.5,2,26.9011
Rosenbrock,0.6,0.5,3,26.5713
Rosenbrock,0.6,0.5,4,26.2434
Rosenbrock,0.6,0.5,5,27.7964
Rosenbrock,0.6,0.5,6,26.9734
Rosenbrock,0.6,0.5,7,26.1355
Rosenbrock,0.6,0.5,8,26.2189
Rosenbrock,0.6,0.5,9,26.3169
Rosenbrock,0.6,0.5,10,27.0087
Rosenbrock,0.6,0.7,1,27.5932
Rosenbrock,0.6,0.7,2,28.2384
Rosenbrock,0.6,0.7,3,29.3636
Rosenbrock,0.6,0.7,4,27.905
Rosenbrock,0.6,0.7,5,28.3375
Rosenbrock,0.6,0.7,6,26.8784
Rosenbrock,0.6,0.7,7,28.3724
Rosenbrock,0.6,0.7,8,28.1356
Rosenbrock,0.6,0.7,9,27.5723
Rosenbrock,0.6,0.7,10,26.3653
Rosenbrock,0.6,0.9,1,24.7118
Rosenbrock,0.6,0.9,2,24.415
Rosenbrock,0.6,0.9,3,27.1439
Rosenbrock,0.6,0.9,4,24.9782
Rosenbrock,0.6,0.9,5,24.1552
Rosenbrock,0.6,0.9,6,23.0426
Rosenbrock,0.6,0.9,7,24.3085
Rosenbrock,0.6,0.9,8,19.4295
Rosenbrock,0.6,0.9,9,24.5132
Rosenbrock,0.6,0.9,10,24.259
Rosenbrock,0.8,0.1,1,70.9608
Rosenbrock,0.8,0.1,2,80.4097
Rosenbrock,0.8,0.1,3,52.3945
Rosenbrock,0.8,0.1,4,77.2789
Rosenbrock,0.8,0.1,5,85.1593
Rosenbrock,0.8,0.1,6,66.5904
Rosenbrock,0.8,0.1,7,99.6411
Rosenbrock,0.8,0.1,8,83.9272
Rosenbrock,0.8,0.1,9,93.2771
Rosenbrock,0.8,0.1,10,51.8356
Rosenbrock,0.8,0.3,1,258.278
Rosenbrock,0.8,0.3,2,225.914
Rosenbrock,0.8,0.3,3,204.604
Rosenbrock,0.8,0.3,4,226.64
Rosenbrock,0.8,0.3,5,165.947
Rosenbrock,0.8,0.3,6,241.547
Rosenbrock,0.8,0.3,7,231.136
Rosenbrock,0.8,0.3,8,313.323
Rosenbrock,0.8,0.3,9,250.565
Rosenbrock,0.8,0.3,10,287.207
Rosenbrock,0.8,0.5,1,1384.05
Rosenbrock,0.8,0.5,2,795.726
Rosenbrock,0.8,0.5,3,1504.53
Rosenbrock,0.8,0.5,4,912.231
Rosenbrock,0.8,0.5,5,1276.86
Rosenbrock,0.8,0.5,6,1652.92
Rosenbrock,0.8,0.5,7,1007.34
Rosenbrock,0.8,0.5,8,1475.45
Rosenbrock,0.8,0.5,9,1345.87
Rosenbrock,0.8,0.5,10,1574.2
Rosenbrock,0.8,0.7,1,5808.95
Rosenbrock,0.8,0.7,2,4900.62
Rosenbrock,0.8,0.7,3,3888.1
Rosenbrock,0.8,0.7,4,5478.22
Rosenbrock,0.8,0.7,5,4869.61
Rosenbrock,0.8,0.7,6,9786.6
Rosenbrock,0.8,0.7,7,6189.26
Rosenbrock,0.8,0.7,8,5951.81
Rosenbrock,0.8,0.7,9,4082.65
Rosenbrock,0.8,0.7,10,7778.26
Rosenbrock,0.8,0.9,1,614.844
Rosenbrock,0.8,0.9,2,1970.71
Rosenbrock,0.8,0.9,3,574.623
Rosenbrock,0.8,0.9,4,892.4
Rosenbrock,0.8,0.9,5,374.889
Rosenbrock,0.8,0.9,6,872.13
Rosenbrock,0.8,0.9,7,652.436
Rosenbrock,0.8,0.9,8,703.922
Rosenbrock,0.8,0.9,9,610.721
Rosenbrock,0.8,0.9,10,1964.78
Rosenbrock,1,0.1,1,152.738
Rosenbrock,1,0.1,2,99.7555
Rosenbrock,1,0.1,3,122.086
Rosenbrock,1,0.1,4,75.5732
Rosenbrock,1,0.1,5,121.845
Rosenbrock,1,0.1,6,144.7
Rosenbrock,1,0.1,7,156.544
Rosenbrock,1,0.1,8,115.589
Rosenbrock,1,0.1,9,144.614
Rosenbrock,1,0.1,10,143.655
Rosenbrock,1,0.3,1,1186.01
Rosenbrock,1,0.3,2,1122.53
Rosenbrock,1,0.3,3,1423.46
Rosenbrock,1,0.3,4,2404.75
Rosenbrock,1,0.3,5,1217.11
Rosenbrock,1,0.3,6,1387.19
Rosenbrock,1,0.3,7,1619.64
Rosenbrock,1,0.3,8,1599.76
Rosenbrock,1,0.3,9,1837.37
Rosenbrock,1,0.3,10,1617.28
Rosenbrock,1,0.5,1,33828.6
Rosenbrock,1,0.5,2,45186.2
Rosenbrock,1,0.5,3,24466.6
Rosenbrock,1,0.5,4,33011.1
Rosenbrock,1,0.5,5,24485.1
Rosenbrock,1,0.5,6,30598
Rosenbrock,1,0.5,7,28595.2
Rosenbrock,1,0.5,8,22476.5
Rosenbrock,1,0.5,9,29328.3
Rosenbrock,1,0.5,10,26785.2
Rosenbrock,1,0.7,1,126478
Rosenbrock,1,0.7,2,74119.4
Rosenbrock,1,0.7,3,89295
Rosenbrock,1,0.7,4,106088
Rosenbrock,1,0.7,5,106854
Rosenbrock,1,0.7,6,62653.3
Rosenbrock,1,0.7,7,121586
Rosenbrock,1,0.7,8,111162
Rosenbrock,1,0.7,9,84427.3
Rosenbrock,1,0.7,10,108925
Rosenbrock,1,0.9,1,61651.9
Rosenbrock,1,0.9,2,58547.7
Rosenbrock,1,0.9,3,33583.8
Rosenbrock,1,0.9,4,118455
Rosenbrock,1,0.9,5,65769.4
Rosenbrock,1,0.9,6,42727.3
Rosenbrock,1,0.9,7,48965.7
Rosenbrock,1,0.9,8,91104.9
Rosenbrock,1,0.9,9,115394
Rosenbrock,1,0.9,10,24535.3
Rastrigin,0.2,0.1,1,4.21458e-11
Rastrigin,0.2,0.1,2,1.67365e-10
Rastrigin,0.2,0.1,3,2.63478e-08
Rastrigin,0.2,0.1,4,1.16384e-09
Rastrigin,0.2,0.1,5,0.0105796
Rastrigin,0.2,0.1,6,2.66244e-08
Rastrigin,0.2,0.1,7,2.85158e-09
Rastrigin,0.2,0.1,8,1.15766e-09
Rastrigin,0.2,0.1,9,1.93161e-11
Rastrigin,0.2,0.1,10,0.994959
Rastrigin,0.2,0.3,1,13.053
Rastrigin,0.2,0.3,2,15.1916
Rastrigin,0.2,0.3,3,6.94472
Rastrigin,0.2,0.3,4,13.9851
Rastrigin,0.2,0.3,5,0.134981
Rastrigin,0.2,0.3,6,0.00225199
Rastrigin,0.2,0.3,7,21.2737
Rastrigin,0.2,0.3,8,10.9789
Rastrigin,0.2,0.3,9,1.11192
Rastrigin,0.2,0.3,10,0.201946
Rastrigin,0.2,0.5,1,9.51637
Rastrigin,0.2,0.5,2,43.5976
Rastrigin,0.2,0.5,3,26.8017
Rastrigin,0.2,0.5,4,28.4475
Rastrigin,0.2,0.5,5,32.6207
Rastrigin,0.2,0.5,6,31.6052
Rastrigin,0.2,0.5,7,23.5962
Rastrigin,0.2,0.5,8,33.31
Rastrigin,0.2,0.5,9,8.13808
Rastrigin,0.2,0.5,10,54.6279
Rastrigin,0.2,0.7,1,11.917
Rastrigin,0.2,0.7,2,19.5376
Rastrigin,0.2,0.7,3,18.2952
Rastrigin,0.2,0.7,4,4.05722
Rastrigin,0.2,0.7,5,26.5532
Rastrigin,0.2,0.7,6,13.8139
Rastrigin,0.2,0.7,7,4.07672
Rastrigin,0.2,0.7,8,33.7192
Rastrigin,0.2,0.7,9,3.75312
Rastrigin,0.2,0.7,10,34.2875
Rastrigin,0.2,0.9,1,38.608
Rastrigin,0.2,0.9,2,38.4951
Rastrigin,0.2,0.9,3,25.8841
Rastrigin,0.2,0.9,4,24.5154
Rastrigin,0.2,0.9,5,45.3762
Rastrigin,0.2,0.9,6,22.6518
Rastrigin,0.2,0.9,7,24.534
Rastrigin,0.2,0.9,8,31.3919
Rastrigin,0.2,0.9,9,31.5522
Rastrigin,0.2,0.9,10,43.4462
Rastrigin,0.4,0.1,1,10.8022
Rastrigin,0.4,0.1,2,2.96352
Rastrigin,0.4,0.1,3,6.12133
Rastrigin,0.4,0.1,4,9.10351
Rastrigin,0.4,0.1,5,14.9298
Rastrigin,0.4,0.1,6,6.45052
Rastrigin,0.4,0.1,7,15.6003
Rastrigin,0.4,0.1,8,17.0872
Rastrigin,0.4,0.1,9,10.5247
Rastrigin,0.4,0.1,10,6.41292
Rastrigin,0.4,0.3,1,74.8354
Rastrigin,0.4,0.3,2,89.8778
Rastrigin,0.4,0.3,3,83.5473
Rastrigin,0.4,0.3,4,81.7548
Rastrigin,0.4,0.3,5,86.1605
Rastrigin,0.4,0.3,6,72.6935
Rastrigin,0.4,0.3,7,78.8937
Rastrigin,0.4,0.3,8,76.7836
Rastrigin,0.4,0.3,9,74.9307
Rastrigin,0.4,0.3,10,90.738
Rastrigin,0.4,0.5,1,130.746
Rastrigin,0.4,0.5,2,121.286
Rastrigin,0.4,0.5,3,127.029
Rastrigin,0.4,0.5,4,125.658
Rastrigin,0.4,0.5,5,126.815
Rastrigin,0.4,0.5,6,122.803
Rastrigin,0.4,0.5,7,120.97
Rastrigin,0.4,0.5,8,111.843
Rastrigin,0.4,0.5,9,118.525
Rastrigin,0.4,0.5,10,125.694
Rastrigin,0.4,0.7,1,131.21
Rastrigin,0.4,0.7,2,169.392
Rastrigin,0.4,0.7,3,169.302
Rastrigin,0.4,0.7,4,148.354
Rastrigin,0.4,0.7,5,141.537
Rastrigin,0.4,0.7,6,152.901
Rastrigin,0.4,0.7,7,156.469
Rastrigin,0.4,0.7,8,153.066
Rastrigin,0.4,0.7,9,140.944
Rastrigin,0.4,0.7,10,162.942
Rastrigin,0.4,0.9,1,79.6422
Rastrigin,0.4,0.9,2,84.7485
Rastrigin,0.4,0.9,3,50.847
Rastrigin,0.4,0.9,4,97.1878
Rastrigin,0.4,0.9,5,87.0325
Rastrigin,0.4,0.9,6,96.4263
Rastrigin,0.4,0.9,7,75.5114
Rastrigin,0.4,0.9,8,36.4673
Rastrigin,0.4,0.9,9,79.7354
Rastrigin,0.4,0.9,10,36.9148
Rastrigin,0.6,0.1,1,28.5659
Rastrigin,0.6,0.1,2,24.2812
Rastrigin,0.6,0.1,3,28.7161
Rastrigin,0.6,0.1,4,32.3106
Rastrigin,0.6,0.1,5,30.8469
Rastrigin,0.6,0.1,6,31.9926
Rastrigin,0.6,0.1,7,26.0092
Rastrigin,0.6,0.1,8,30.6902
Rastrigin,0.6,0.1,9,26.6571
Rastrigin,0.6,0.1,10,18.9155
Rastrigin,0.6,0.3,1,121.437
Rastrigin,0.6,0.3,2,99.5943
Rastrigin,0.6,0.3,3,86.2823
Rastrigin,0.6,0.3,4,91.2289
Rastrigin,0.6,0.3,5,116.148
Rastrigin,0.6,0.3,6,95.591
Rastrigin,0.6,0.3,7,105.502
Rastrigin,0.6,0.3,8,97.9633
Rastrigin,0.6,0.3,9,106.433
Rastrigin,0.6,0.3,10,98.4027
Rastrigin,0.6,0.5,1,150.88
Rastrigin,0.6,0.5,2,148.66
Rastrigin,0.6,0.5,3,174.648
Rastrigin,0.6,0.5,4,157.508
Rastrigin,0.6,0.5,5,162.112
Rastrigin,0.6,0.5,6,167.719
Rastrigin,0.6,0.5,7,166.971
Rastrigin,0.6,0.5,8,143.101
Rastrigin,0.6,0.5,9,159.345
Rastrigin,0.6,0.5,10,158.958
Rastrigin,0.6,0.7,1,192.902
Rastrigin,0.6,0.7,2,191.513
Rastrigin,0.6,0.7,3,203.967
Rastrigin,0.6,0.7,4,172.032
Rastrigin,0.6,0.7,5,185.828
Rastrigin,0.6,0.7,6,176.302
Rastrigin,0.6,0.7,7,199.554
Rastrigin,0.6,0.7,8,189.99
Rastrigin,0.6,0.7,9,217.986
Rastrigin,0.6,0.7,10,207.236
Rastrigin,0.6,0.9,1,210.797
Rastrigin,0.6,0.9,2,184.638
Rastrigin,0.6,0.9,3,166.195
Rastrigin,0.6,0.9,4,197.786
Rastrigin,0.6,0.9,5,197.044
Rastrigin,0.6,0.9,6,195.721
Rastrigin,0.6,0.9,7,214.979
Rastrigin,0.6,0.9,8,197.053
Rastrigin,0.6,0.9,9,208.931
Rastrigin,0.6,0.9,10,207.295
Rastrigin,0.8,0.1,1,26.6584
Rastrigin,0.8,0.1,2,35.881
Rastrigin,0.8,0.1,3,27.6451
Rastrigin,0.8,0.1,4,30.3819
Rastrigin,0.8,0.1,5,35.0871
Rastrigin,0.8,0.1,6,22.3729
Rastrigin,0.8,0.1,7,30.7883
Rastrigin,0.8,0.1,8,29.0479
Rastrigin,0.8,0.1,9,30.7916
Rastrigin,0.8,0.1,10,23.2807
Rastrigin,0.8,0.3,1,128.608
Rastrigin,0.8,0.3,2,120.292
Rastrigin,0.8,0.3,3,117.586
Rastrigin,0.8,0.3,4,126.745
Rastrigin,0.8,0.3,5,124.46
Rastrigin,0.8,0.3,6,134.532
Rastrigin,0.8,0.3,7,123.275
Rastrigin,0.8,0.3,8,129.093
Rastrigin,0.8,0.3,9,126.619
Rastrigin,0.8,0.3,10,133.299
Rastrigin,0.8,0.5,1,203.354
Rastrigin,0.8,0.5,2,209.454
Rastrigin,0.8,0.5,3,203.132
Rastrigin,0.8,0.5,4,190.005
Rastrigin,0.8,0.5,5,203.565
Rastrigin,0.8,0.5,6,218.406
Rastrigin,0.8,0.5,7,203.274
Rastrigin,0.8,0.5,8,193.328
Rastrigin,0.8,0.5,9,196.664
Rastrigin,0.8,0.5,10,197.792
Rastrigin,0.8,0.7,1,258.558
Rastrigin,0.8,0.7,2,262.063
Rastrigin,0.8,0.7,3,270.413
Rastrigin,0.8,0.7,4,261.671
Rastrigin,0.8,0.7,5,240.602
Rastrigin,0.8,0.7,6,270.469
Rastrigin,0.8,0.7,7,270.311
Rastrigin,0.8,0.7,8,247.175
Rastrigin,0.8,0.7,9,250.617
Rastrigin,0.8,0.7,10,257.017
Rastrigin,0.8,0.9,1,243.738
Rastrigin,0.8,0.9,2,231.564
Rastrigin,0.8,0.9,3,271.971
Rastrigin,0.8,0.9,4,202.051
Rastrigin,0.8,0.9,5,223.58
Rastrigin,0.8,0.9,6,250.677
Rastrigin,0.8,0.9,7,257.551
Rastrigin,0.8,0.9,8,259.886
Rastrigin,0.8,0.9,9,258.758
Rastrigin,0.8,0.9,10,260.048
Rastrigin,1,0.1,1,1.40705
Rastrigin,1,0.1,2,0.521547
Rastrigin,1,0.1,3,0.757711
Rastrigin,1,0.1,4,1.14518
Rastrigin,1,0.1,5,0.683521
Rastrigin,1,0.1,6,0.593967
Rastrigin,1,0.1,7,0.611147
Rastrigin,1,0.1,8,1.1393
Rastrigin,1,0.1,9,0.874368
Rastrigin,1,0.1,10,0.608159
Rastrigin,1,0.3,1,92.4208
Rastrigin,1,0.3,2,110.274
Rastrigin,1,0.3,3,96.4333
Rastrigin,1,0.3,4,117.104
Rastrigin,1,0.3,5,109.113
Rastrigin,1,0.3,6,100.541
Rastrigin,1,0.3,7,118.501
Rastrigin,1,0.3,8,99.2889
Rastrigin,1,0.3,9,101.531
Rastrigin,1,0.3,10,97.9228
Rastrigin,1,0.5,1,220.354
Rastrigin,1,0.5,2,232.475
Rastrigin,1,0.5,3,232.252
Rastrigin,1,0.5,4,207.03
Rastrigin,1,0.5,5,228.808
Rastrigin,1,0.5,6,220.793
Rastrigin,1,0.5,7,224.206
Rastrigin,1,0.5,8,214.058
Rastrigin,1,0.5,9,234.37
Rastrigin,1,0.5,10,229.104
Rastrigin,1,0.7,1,300.086
Rastrigin,1,0.7,2,291.296
Rastrigin,1,0.7,3,309.749
Rastrigin,1,0.7,4,317.444
Rastrigin,1,0.7,5,284.083
Rastrigin,1,0.7,6,277.994
Rastrigin,1,0.7,7,292.658
Rastrigin,1,0.7,8,287.666
Rastrigin,1,0.7,9,301.62
Rastrigin,1,0.7,10,297.587
Rastrigin,1,0.9,1,210.125
Rastrigin,1,0.9,2,185.8
Rastrigin,1,0.9,3,212.477
Rastrigin,1,0.9,4,142.316
Rastrigin,1,0.9,5,178.798
Rastrigin,1,0.9,6,177.062
Rastrigin,1,0.9,7,258.055
Rastrigin,1,0.9,8,144.418
Rastrigin,1,0.9,9,218.759
Rastrigin,1,0.9,10,188.11
